INSERT INTO customers (customer_id, customer_name, segment, state, signup_date) VALUES
    (1, 'Acorn Retail', 'SMB', 'NY', '2023-11-12'),
    (2, 'Bluebird Health', 'Enterprise', 'CA', '2022-06-01'),
    (3, 'Crescent Logistics', 'SMB', 'IL', '2024-01-15'),
    (4, 'Delta Labs', 'Startup', 'MA', '2024-03-08'),
    (5, 'Evergreen Market', 'SMB', 'TX', '2023-09-20'),
    (6, 'Foxtrot Media', 'Enterprise', 'WA', '2021-12-05'),
    (7, 'Granite Travel', 'Enterprise', 'CO', '2024-02-11'),
    (8, 'Harbor Analytics', 'Startup', 'GA', '2024-04-02'),
    (9, 'Indigo Foods', 'SMB', 'FL', '2023-08-18'),
    (10, 'Juniper Consulting', 'Startup', 'NC', '2024-05-10');

INSERT INTO products (product_id, product_name, category, unit_price, is_active) VALUES
    (1, 'Analytics Dashboard', 'Software', 1200.00, 1),
    (2, 'Data Connector Pack', 'Software', 850.00, 1),
    (3, 'Forecast Module', 'Software', 950.00, 1),
    (4, 'Onboarding Package', 'Service', 500.00, 1),
    (5, 'Premium Support', 'Service', 300.00, 1),
    (6, 'Warehouse Storage', 'Infrastructure', 1500.00, 1),
    (7, 'Training Bundle', 'Service', 400.00, 1),
    (8, 'Legacy Exporter', 'Software', 650.00, 0),
    (9, 'Audit Add-On', 'Service', 700.00, 1);

INSERT INTO orders (order_id, customer_id, order_date, status, channel) VALUES
    (101, 1, '2024-01-10', 'completed', 'online'),
    (102, 2, '2024-01-16', 'completed', 'sales'),
    (103, 3, '2024-02-05', 'completed', 'partner'),
    (104, 4, '2024-02-18', 'cancelled', 'online'),
    (105, 5, '2024-03-12', 'completed', 'sales'),
    (106, 6, '2024-03-25', 'completed', 'sales'),
    (107, 7, '2024-04-09', 'completed', 'partner'),
    (108, 1, '2024-05-14', 'completed', 'online'),
    (109, 2, '2024-06-21', 'completed', 'sales'),
    (110, 8, '2024-07-19', 'completed', 'online'),
    (111, 9, '2024-08-02', 'completed', 'partner'),
    (112, 5, '2024-09-11', 'completed', 'online'),
    (113, 6, '2024-10-03', 'completed', 'sales'),
    (114, 3, '2025-01-15', 'completed', 'online');

INSERT INTO order_items (order_item_id, order_id, product_id, quantity, unit_price) VALUES
    (1001, 101, 1, 1, 1200.00),
    (1002, 101, 4, 1, 500.00),
    (1003, 102, 6, 1, 1500.00),
    (1004, 102, 5, 2, 300.00),
    (1005, 103, 2, 1, 850.00),
    (1006, 103, 4, 1, 500.00),
    (1007, 104, 3, 1, 950.00),
    (1008, 105, 1, 1, 1200.00),
    (1009, 105, 7, 2, 400.00),
    (1010, 106, 6, 2, 1500.00),
    (1011, 106, 9, 1, 700.00),
    (1012, 107, 2, 2, 850.00),
    (1013, 107, 5, 3, 300.00),
    (1014, 108, 3, 1, 950.00),
    (1015, 108, 5, 1, 300.00),
    (1016, 109, 1, 2, 1200.00),
    (1017, 109, 4, 1, 500.00),
    (1018, 110, 3, 1, 950.00),
    (1019, 110, 7, 1, 400.00),
    (1020, 111, 2, 1, 850.00),
    (1021, 111, 9, 1, 700.00),
    (1022, 112, 6, 1, 1500.00),
    (1023, 112, 5, 2, 300.00),
    (1024, 113, 1, 1, 1200.00),
    (1025, 113, 7, 1, 400.00),
    (1026, 114, 2, 1, 850.00),
    (1027, 114, 4, 1, 500.00);

INSERT INTO payments (payment_id, order_id, payment_date, payment_method, amount, payment_status) VALUES
    (2001, 101, '2024-01-10', 'card', 1700.00, 'paid'),
    (2002, 102, '2024-01-17', 'invoice', 2100.00, 'paid'),
    (2003, 103, '2024-02-06', 'wire', 1350.00, 'paid'),
    (2004, 104, '2024-02-18', 'card', 950.00, 'voided'),
    (2005, 105, '2024-03-13', 'invoice', 2000.00, 'paid'),
    (2006, 106, '2024-03-26', 'wire', 3700.00, 'paid'),
    (2007, 107, '2024-04-10', 'invoice', 2600.00, 'paid'),
    (2008, 108, '2024-05-15', 'card', 1250.00, 'paid'),
    (2009, 109, '2024-06-22', 'invoice', 2900.00, 'paid'),
    (2010, 110, '2024-07-20', 'card', 1350.00, 'paid'),
    (2011, 111, '2024-08-03', 'wire', 1550.00, 'paid'),
    (2012, 112, '2024-09-12', 'card', 2100.00, 'paid'),
    (2013, 113, '2024-10-04', 'invoice', 1600.00, 'paid'),
    (2014, 114, '2025-01-16', 'card', 1350.00, 'paid');

INSERT INTO support_tickets (ticket_id, customer_id, opened_date, priority, issue_type, resolution_status) VALUES
    (3001, 1, '2024-01-22', 'medium', 'billing', 'resolved'),
    (3002, 2, '2024-02-11', 'high', 'integration', 'open'),
    (3003, 2, '2024-03-02', 'low', 'training', 'resolved'),
    (3004, 3, '2024-03-18', 'high', 'login', 'open'),
    (3005, 4, '2024-04-05', 'medium', 'billing', 'open'),
    (3006, 5, '2024-04-27', 'high', 'shipping', 'resolved'),
    (3007, 6, '2024-05-06', 'high', 'integration', 'open'),
    (3008, 7, '2024-05-18', 'medium', 'usage', 'open'),
    (3009, 8, '2024-06-01', 'low', 'training', 'resolved'),
    (3010, 9, '2024-06-14', 'high', 'billing', 'open'),
    (3011, 10, '2024-07-09', 'medium', 'onboarding', 'open');
